query_id, real_time(s), user_time(s), sys_time(s)
1, 0.295, 0.429616, 0.045840
2, 0.065, 0.068115, 0.016583
3, 0.226, 0.258191, 0.053311
4, 0.158, 0.219016, 0.048426
5, 0.220, 0.257677, 0.058911
6, 0.094, 0.095051, 0.051436
7, 0.230, 0.264904, 0.071565
8, 0.194, 0.234411, 0.090210
9, 0.527, 0.727252, 0.156912
