query_id, real_time(s), user_time(s), sys_time(s)
1, 0.148, 0.439802, 0.051604
2, 0.033, 0.058393, 0.015935
3, 0.083, 0.236366, 0.060831
4, 0.071, 0.204439, 0.044553
5, 0.084, 0.241478, 0.058406
